Name,State,FR Ld,RF Ld,IR Ld,MAR Ld,MDR Ld,R/W,MOV,MA 1,MA 0,MB 1,MB 0,MC 1,MC 0,MD,ME,OP 4,OP 3,OP 2,OP 1,OP0 ,DT 1,DT 0
Reset,0,0,1,0,0,0,0,0,0,0,1,1,0,1,1,0,0,1,1,0,1,,
Fetch,1,0,0,0,1,0,0,0,1,0,0,0,0,0,1,0,1,0,0,0,0,,
,2,0,1,0,0,0,1,1,1,0,0,0,0,1,1,0,1,0,0,0,1,,
,3,0,0,1,0,0,1,1,0,0,0,0,0,0,0,0,0,0,0,0,0,,
NoOp,4,0,0,0,0,0,0,0,0,0,0,0,0,0,0,0,0,0,0,0,0,,
,,Instrucciones ALU,,,,,,,,,,,,,,,,,,,,,
ALU R,5,0,1,,,,,,0,0,0,0,,0,0,,,,,,,,
ALU Imm / Shift,6,0,1,,,,,,0,0,0,1,,0,0,,,,,,,,
ALU R S,7,1,1,,,,,,0,0,0,0,,0,0,,,,,,,,
ALU Imm / Shift S,8,1,1,,,,,,0,0,0,1,,0,0,,,,,,,,
TST R,9,1,,,,,,,,,0,0,,,0,,,,,,,,
TST Imm / Shift,10,1,,,,,,,,,0,1,,,0,,,,,,,,
,,Instrucciones LOAD STORE Addresing Mode 2,,,,,,,,,,,,,,,,,,,,,
LDR Imm + OFF,11,,,,1,,,,0,0,0,1,,,1,,0,0,1,0,0,,
,12,,,,,,1,1,,,,,,,,,,,,,,,
,13,,,,,1,1,1,,,,,,,,0,,,,,,1,0
,14,,1,,,,,,,,1,0,0,0,1,,0,1,1,0,1,,
LDR R + OFF,15,,,,1,,,,0,0,0,0,,,1,,0,0,1,0,0,,
,16,,,,,,1,1,,,,,,,,,,,,,,,
,17,,,,,1,1,1,,,,,,,,0,,,,,,1,0
,18,,1,,,,,,,,1,0,0,0,1,,0,1,1,0,1,,
LDR Imm + PRE,19,,1,,1,,,,0,0,0,1,1,0,1,,0,0,1,0,0,,
,20,,,,,,1,1,,,,,,,,,,,,,,,
,21,,,,,1,1,1,,,,,,,,0,,,,,,1,0
,22,,1,,,,,,,,1,0,0,0,1,,0,1,1,0,1,,
LDR R + PRE,23,,1,,1,,,,0,0,0,0,1,0,1,,0,0,1,0,0,,
,24,,,,,,1,1,,,,,,,,,,,,,,,
,25,,,,,1,1,1,,,,,,,,0,,,,,,1,0
,26,,1,,,,,,,,1,0,0,0,1,,0,1,1,0,1,,
LDR Imm + POS,27,,,,1,,,,0,0,0,1,,,1,,1,0,0,0,0,,
,28,,1,,,,1,1,0,0,,,1,0,1,,0,0,1,0,0,,
,29,,,,,1,1,1,,,,,,,,0,,,,,,1,0
,30,,1,,,,,,,,1,0,0,0,1,,0,1,1,0,1,,
LDR R + POS,31,,,,1,,,,0,0,0,0,,,1,,1,0,0,0,0,,
,32,,1,,,,1,1,0,0,,,1,0,1,,0,0,1,0,0,,
,33,,,,,1,1,1,,,,,,,,0,,,,,,1,0
,34,,1,,,,,,,,1,0,0,0,1,,0,1,1,0,1,,
LDRB Imm + OFF,35,,,,1,,,,0,0,0,1,,,1,,0,0,1,0,0,,
,36,,,,,,1,1,,,,,,,,,,,,,,,
,37,,,,,1,1,1,,,,,,,,0,,,,,,0,0
,38,,1,,,,,,,,1,0,0,0,1,,0,1,1,0,1,,
LDRB R + OFF,39,,,,1,,,,0,0,0,1,,,1,,0,0,1,0,0,,
,40,,,,,,1,1,,,,,,,,,,,,,,,
,41,,,,,1,1,1,,,,,,,,0,,,,,,0,0
,42,,1,,,,,,,,1,0,0,0,1,,0,1,1,0,1,,
LDRB Imm + PRE,43,,1,,1,,,,0,0,0,1,1,0,1,,0,0,1,0,0,,
,44,,,,,,1,1,,,,,,,,,,,,,,,
,45,,,,,1,1,1,,,,,,,,0,,,,,,0,0
,46,,1,,,,,,,,1,0,0,0,1,,0,1,1,0,1,,
LDRB R + PRE,47,,1,,1,,,,0,0,0,1,1,0,1,,0,0,1,0,0,,
,48,,,,,,1,1,,,,,,,,,,,,,,,
,49,,,,,1,1,1,,,,,,,,0,,,,,,0,0
,50,,1,,,,,,,,1,0,0,0,1,,0,1,1,0,1,,
LDRB Imm + POS,51,,,,1,,,,0,0,0,1,,,1,,1,0,0,0,0,,
,52,,1,,,,1,1,0,0,,,1,0,1,,0,0,1,0,0,,
,53,,,,,1,1,1,,,,,,,,0,,,,,,0,0
,54,,1,,,,,,,,1,0,0,0,1,,0,1,1,0,1,,
LDRB R + POS,55,,,,1,,,,0,0,0,1,,,1,,1,0,0,0,0,,
,56,,1,,,,1,1,0,0,,,1,0,1,,0,0,1,0,0,,
,57,,,,,1,1,1,,,,,,,,0,,,,,,0,0
,58,,1,,,,,,,,1,0,0,0,1,,0,1,1,0,1,,
STR Imm + OFF,59,,,,1,,,,0,0,0,1,,,1,,0,0,1,0,0,,
,60,,,,,1,,,0,1,,,,,1,1,1,0,0,0,0,1,0
,61,,,,,,0,1,,,,,,,,,,,,,,,
,62,,,,,,0,1,,,,,,,,,,,,,,,
STR R + OFF,63,,,,1,,,,0,0,0,0,,,1,,0,0,1,0,0,,
,64,,,,,1,,,0,1,,,,,1,1,1,0,0,0,0,1,0
,65,,,,,,0,1,,,,,,,,,,,,,,,
,66,,,,,,0,1,,,,,,,,,,,,,,,
STR Imm + PRE,67,,1,,1,,,,0,0,0,1,1,0,1,,0,0,1,0,0,,
,68,,,,,1,,,0,1,,,,,1,1,1,0,0,0,0,1,0
,69,,,,,,0,1,,,,,,,,,,,,,,,
,70,,,,,,0,1,,,,,,,,,,,,,,,
STR R + PRE,71,,1,,1,,,,0,0,0,0,1,0,1,,0,0,1,0,0,,
,72,,,,,1,,,0,1,,,,,1,1,1,0,0,0,0,1,0
,73,,,,,,0,1,,,,,,,,,,,,,,,
,74,,,,,,0,1,,,,,,,,,,,,,,,
STR Imm + POS,75,,,,1,,,,0,0,0,1,,,1,,1,0,0,0,0,,
,76,,,,,1,,,0,1,,,,,1,1,1,0,0,0,0,1,0
,77,,1,,,,0,1,,,,,1,0,,,0,0,1,0,0,,
,78,,,,,,0,1,,,,,,,,,,,,,,,
STR R + POS,79,,,,1,,,,0,0,0,0,,,1,,1,0,0,0,0,,
,80,,,,,1,,,0,1,,,,,1,1,1,0,0,0,0,1,0
,81,,1,,,,0,1,,,,,1,0,,,0,0,1,0,0,,
,82,,,,,,0,1,,,,,,,,,,,,,,,
STRB Imm + OFF,83,,,,1,,,,0,0,0,1,,,1,,0,0,1,0,0,,
,84,,,,,1,,,0,1,,,,,1,1,1,0,0,0,0,0,0
,85,,,,,,0,1,,,,,,,,,,,,,,,
,86,,,,,,0,1,,,,,,,,,,,,,,,
STRB R + OFF,87,,,,1,,,,0,0,0,0,,,1,,0,0,1,0,0,,
,88,,,,,1,,,0,1,,,,,1,1,1,0,0,0,0,0,0
,89,,,,,,0,1,,,,,,,,,,,,,,,
,90,,,,,,0,1,,,,,,,,,,,,,,,
STRB Imm + PRE,91,,1,,1,,,,0,0,0,1,1,0,1,,0,0,1,0,0,,
,92,,,,,1,,,0,1,,,,,1,1,1,0,0,0,0,0,0
,93,,,,,,0,1,,,,,,,,,,,,,,,
,94,,,,,,0,1,,,,,,,,,,,,,,,
STRB R + PRE,95,,1,,1,,,,0,0,0,0,1,0,1,,0,0,1,0,0,,
,96,,,,,1,,,0,1,,,,,1,1,1,0,0,0,0,0,0
,97,,,,,,0,1,,,,,,,,,,,,,,,
,98,,,,,,0,1,,,,,,,,,,,,,,,
STRB Imm + POS,99,,,,1,,,,0,0,0,1,,,1,,1,0,0,0,0,,
,100,,,,,1,,,0,1,,,,,1,1,1,0,0,0,0,0,0
,101,,1,,,,0,1,,,,,1,0,,,0,0,1,0,0,,
,102,,,,,,0,1,,,,,,,,,,,,,,,
STRB R + POS,103,,,,1,,,,0,0,0,0,,,1,,1,0,0,0,0,,
,104,,,,,1,,,0,1,,,,,1,1,1,0,0,0,0,0,0
,105,,1,,,,0,1,,,,,1,0,,,0,0,1,0,0,,
,106,,,,,,0,1,,,,,,,,,,,,,,,
LDR Imm - OFF,107,,,,1,,,,0,0,0,1,,,1,,0,0,0,1,0,,
,108,,,,,,1,1,,,,,,,,,,,,,,,
,109,,,,,1,1,1,,,,,,,,0,,,,,,1,0
,110,,1,,,,,,,,1,0,0,0,1,,0,1,1,0,1,,
LDR R - OFF,111,,,,1,,,,0,0,0,0,,,1,,0,0,0,1,0,,
,112,,,,,,1,1,,,,,,,,,,,,,,,
,113,,,,,1,1,1,,,,,,,,0,,,,,,1,0
,114,,1,,,,,,,,1,0,0,0,1,,0,1,1,0,1,,
LDR Imm - PRE,115,,1,,1,,,,0,0,0,1,1,0,1,,0,0,0,1,0,,
,116,,,,,,1,1,,,,,,,,,,,,,,,
,117,,,,,1,1,1,,,,,,,,0,,,,,,1,0
,118,,1,,,,,,,,1,0,0,0,1,,0,1,1,0,1,,
LDR R - PRE,119,,1,,1,,,,0,0,0,0,1,0,1,,0,0,0,1,0,,
,120,,,,,,1,1,,,,,,,,,,,,,,,
,121,,,,,1,1,1,,,,,,,,0,,,,,,1,0
,122,,1,,,,,,,,1,0,0,0,1,,0,1,1,0,1,,
LDR Imm - POS,123,,,,1,,,,0,0,0,1,,,1,,1,0,0,0,0,,
,124,,1,,,,1,1,0,0,,,1,0,1,,0,0,0,1,0,,
,125,,,,,1,1,1,,,,,,,,0,,,,,,1,0
,126,,1,,,,,,,,1,0,0,0,1,,0,1,1,0,1,,
LDR R - POS,127,,,,1,,,,0,0,0,0,,,1,,1,0,0,0,0,,
,128,,1,,,,1,1,0,0,,,1,0,1,,0,0,0,1,0,,
,129,,,,,1,1,1,,,,,,,,0,,,,,,1,0
,130,,1,,,,,,,,1,0,0,0,1,,0,1,1,0,1,,
LDRB Imm - OFF,131,,,,1,,,,0,0,0,1,,,1,,0,0,0,1,0,,
,132,,,,,,1,1,,,,,,,,,,,,,,,
,133,,,,,1,1,1,,,,,,,,0,,,,,,0,0
,134,,1,,,,,,,,1,0,0,0,1,,0,1,1,0,1,,
LDRB R - OFF,135,,,,1,,,,0,0,0,0,,,1,,0,0,0,1,0,,
,136,,,,,,1,1,,,,,,,,,,,,,,,
,137,,,,,1,1,1,,,,,,,,0,,,,,,0,0
,138,,1,,,,,,,,1,0,0,0,1,,0,1,1,0,1,,
LDRB Imm - PRE,139,,1,,1,,,,0,0,0,1,1,0,1,,0,0,0,1,0,,
,140,,,,,,1,1,,,,,,,,,,,,,,,
,141,,,,,1,1,1,,,,,,,,0,,,,,,0,0
,142,,1,,,,,,,,1,0,0,0,1,,0,1,1,0,1,,
LDRB R - PRE,143,,1,,1,,,,0,0,0,0,1,0,1,,0,0,0,1,0,,
,144,,,,,,1,1,,,,,,,,,,,,,,,
,145,,,,,1,1,1,,,,,,,,0,,,,,,0,0
,146,,1,,,,,,,,1,0,0,0,1,,0,1,1,0,1,,
LDRB Imm - POS,147,,,,1,,,,0,0,0,1,,,1,,1,0,0,0,0,,
,148,,1,,,,1,1,0,0,,,1,0,1,,0,0,0,1,0,,
,149,,,,,1,1,1,,,,,,,,0,,,,,,0,0
,150,,1,,,,,,,,1,0,0,0,1,,0,1,1,0,1,,
LDRB R - POS,151,,,,1,,,,0,0,0,0,,,1,,1,0,0,0,0,,
,152,,1,,,,1,1,0,0,,,1,0,1,,0,0,0,1,0,,
,153,,,,,1,1,1,,,,,,,,0,,,,,,0,0
,154,,1,,,,,,,,1,0,0,0,1,,0,1,1,0,1,,
STR Imm - OFF,155,,,,1,,,,0,0,0,1,,,1,,0,0,0,1,0,,
,156,,,,,1,,,0,1,,,,,1,1,1,0,0,0,0,1,0
,157,,,,,,0,1,,,,,,,,,,,,,,,
,158,,,,,,0,1,,,,,,,,,,,,,,,
STR R - OFF,159,,,,1,,,,0,0,0,0,,,1,,0,0,0,1,0,,
,160,,,,,1,,,0,1,,,,,1,1,1,0,0,0,0,1,0
,161,,,,,,0,1,,,,,,,,,,,,,,,
,162,,,,,,0,1,,,,,,,,,,,,,,,
STR Imm - PRE,163,,1,,1,,,,0,0,0,1,1,0,1,,0,0,0,1,0,,
,164,,,,,1,,,0,1,,,,,1,1,1,0,0,0,0,1,0
,165,,,,,,0,1,,,,,,,,,,,,,,,
,166,,,,,,0,1,,,,,,,,,,,,,,,
STR R - PRE,167,,1,,1,,,,0,0,0,0,1,0,1,,0,0,0,1,0,,
,168,,,,,1,,,0,1,,,,,1,1,1,0,0,0,0,1,0
,169,,,,,,0,1,,,,,,,,,,,,,,,
,170,,,,,,0,1,,,,,,,,,,,,,,,
STR Imm - POS,171,,,,1,,,,0,0,0,1,,,1,,1,0,0,0,0,,
,172,,,,,1,,,0,1,,,,,1,1,1,0,0,0,0,1,0
,173,,1,,,,0,1,,,,,1,0,,,0,0,0,1,0,,
,174,,,,,,0,1,,,,,,,,,,,,,,,
STR R - POS,175,,,,1,,,,0,0,0,0,,,1,,1,0,0,0,0,,
,176,,,,,1,,,0,1,,,,,1,1,1,0,0,0,0,1,0
,177,,1,,,,0,1,,,,,1,0,,,0,0,0,1,0,,
,178,,,,,,0,1,,,,,,,,,,,,,,,
STRB Imm - OFF,179,,,,1,,,,0,0,0,1,,,1,,0,0,0,1,0,,
,180,,,,,1,,,0,1,,,,,1,1,1,0,0,0,0,0,0
,181,,,,,,0,1,,,,,,,,,,,,,,,
,182,,,,,,0,1,,,,,,,,,,,,,,,
STRB R - OFF,183,,,,1,,,,0,0,0,0,,,1,,0,0,0,1,0,,
,184,,,,,1,,,0,1,,,,,1,1,1,0,0,0,0,0,0
,185,,,,,,0,1,,,,,,,,,,,,,,,
,186,,,,,,0,1,,,,,,,,,,,,,,,
STRB Imm - PRE,187,,1,,1,,,,0,0,0,1,1,0,1,,0,0,0,1,0,,
,188,,,,,1,,,0,1,,,,,1,1,1,0,0,0,0,0,0
,189,,,,,,0,1,,,,,,,,,,,,,,,
,190,,,,,,0,1,,,,,,,,,,,,,,,
STRB R - PRE,191,,1,,1,,,,0,0,0,0,1,0,1,,0,0,0,1,0,,
,192,,,,,1,,,0,1,,,,,1,1,1,0,0,0,0,0,0
,193,,,,,,0,1,,,,,,,,,,,,,,,
,194,,,,,,0,1,,,,,,,,,,,,,,,
STRB Imm - POS,195,,,,1,,,,0,0,0,1,,,1,,1,0,0,0,0,,
,196,,,,,1,,,0,1,,,,,1,1,1,0,0,0,0,0,0
,197,,1,,,,0,1,,,,,1,0,,,0,0,0,1,0,,
,198,,,,,,0,1,,,,,,,,,,,,,,,
STRB R - POS,199,,,,1,,,,0,0,0,0,,,1,,1,0,0,0,0,,
,200,,,,,1,,,0,1,,,,,1,1,1,0,0,0,0,0,0
,201,,1,,,,0,1,,,,,1,0,,,0,0,0,1,0,,
,202,,,,,,0,1,,,,,,,,,,,,,,,
,,Instrucciones LOAD STORE Addresing Mode 3,,,,,,,,,,,,,,,,,,,,,
LDRD Imm + OFF,203,,,,1,,,,0,0,0,1,,,1,,0,0,1,0,0,,
,204,,,,,,1,1,,,,,,,,,,,,,,,
,205,,,,,1,1,1,,,,,,,,0,,,,,,1,1
,206,,1,,,,,,,,1,0,0,0,1,,0,1,1,0,1,,
LDRD R + OFF,207,,,,1,,,,0,0,0,0,,,1,,0,0,1,0,0,,
,208,,,,,,1,1,,,,,,,,,,,,,,,
,209,,,,,1,1,1,,,,,,,,0,,,,,,1,1
,210,,1,,,,,,,,1,0,0,0,1,,0,1,1,0,1,,
LDRD Imm + PRE,211,,1,,1,,,,0,0,0,1,1,0,1,,0,0,1,0,0,,
,212,,,,,,1,1,,,,,,,,,,,,,,,
,213,,,,,1,1,1,,,,,,,,0,,,,,,1,1
,214,,1,,,,,,,,1,0,0,0,1,,0,1,1,0,1,,
LDRD R + PRE,215,,1,,1,,,,0,0,0,0,1,0,1,,0,0,1,0,0,,
,216,,,,,,1,1,,,,,,,,,,,,,,,
,217,,,,,1,1,1,,,,,,,,0,,,,,,1,1
,218,,1,,,,,,,,1,0,0,0,1,,0,1,1,0,1,,
LDRD Imm + POS,219,,,,1,,,,0,0,0,1,,,1,,1,0,0,0,0,,
,220,,1,,,,1,1,0,0,,,1,0,1,,0,0,1,0,0,,
,221,,,,,1,1,1,,,,,,,,0,,,,,,1,1
,222,,1,,,,,,,,1,0,0,0,1,,0,1,1,0,1,,
LDRD R + POS,223,,,,1,,,,0,0,0,0,,,1,,1,0,0,0,0,,
,224,,1,,,,1,1,0,0,,,1,0,1,,0,0,1,0,0,,
,225,,,,,1,1,1,,,,,,,,0,,,,,,1,1
,226,,1,,,,,,,,1,0,0,0,1,,0,1,1,0,1,,
LDRSB Imm + OFF,227,,,,1,,,,0,0,0,1,,,1,,0,0,1,0,0,,
,228,,,,,,1,1,,,,,,,,,,,,,,,
,229,,,,,1,1,1,,,,,,,,0,,,,,,0,0
,230,,1,,,,,,,,1,0,0,0,1,,0,1,1,0,1,,
LDRSB R + OFF,231,,,,1,,,,0,0,0,1,,,1,,0,0,1,0,0,,
,232,,,,,,1,1,,,,,,,,,,,,,,,
,233,,,,,1,1,1,,,,,,,,0,,,,,,0,0
,234,,1,,,,,,,,1,0,0,0,1,,0,1,1,0,1,,
LDRSB Imm + PRE,235,,1,,1,,,,0,0,0,1,1,0,1,,0,0,1,0,0,,
,236,,,,,,1,1,,,,,,,,,,,,,,,
,237,,,,,1,1,1,,,,,,,,0,,,,,,0,0
,238,,1,,,,,,,,1,0,0,0,1,,0,1,1,0,1,,
LDRSB R + PRE,239,,1,,1,,,,0,0,0,1,1,0,1,,0,0,1,0,0,,
,240,,,,,,1,1,,,,,,,,,,,,,,,
,241,,,,,1,1,1,,,,,,,,0,,,,,,0,0
,242,,1,,,,,,,,1,0,0,0,1,,0,1,1,0,1,,
LDRSB Imm + POS,243,,,,1,,,,0,0,0,1,,,1,,1,0,0,0,0,,
,244,,1,,,,1,1,0,0,,,1,0,1,,0,0,1,0,0,,
,245,,,,,1,1,1,,,,,,,,0,,,,,,0,0
,246,,1,,,,,,,,1,0,0,0,1,,0,1,1,0,1,,
LDRSB R + POS,247,,,,1,,,,0,0,0,1,,,1,,1,0,0,0,0,,
,248,,1,,,,1,1,0,0,,,1,0,1,,0,0,1,0,0,,
,249,,,,,1,1,1,,,,,,,,0,,,,,,0,0
,250,,1,,,,,,,,1,0,0,0,1,,0,1,1,0,1,,
LDRSH Imm + OFF,251,,,,1,,,,0,0,0,1,,,1,,0,0,1,0,0,,
,252,,,,,,1,1,,,,,,,,,,,,,,,
,253,,,,,1,1,1,,,,,,,,0,,,,,,0,1
,254,,1,,,,,,,,1,0,0,0,1,,0,1,1,0,1,,
LDRSH R + OFF,255,,,,1,,,,0,0,0,1,,,1,,0,0,1,0,0,,
,256,,,,,,1,1,,,,,,,,,,,,,,,
,257,,,,,1,1,1,,,,,,,,0,,,,,,0,1
,258,,1,,,,,,,,1,0,0,0,1,,0,1,1,0,1,,
LDRSH Imm + PRE,259,,1,,1,,,,0,0,0,1,1,0,1,,0,0,1,0,0,,
,260,,,,,,1,1,,,,,,,,,,,,,,,
,261,,,,,1,1,1,,,,,,,,0,,,,,,0,1
,262,,1,,,,,,,,1,0,0,0,1,,0,1,1,0,1,,
LDRSH R + PRE,263,,1,,1,,,,0,0,0,1,1,0,1,,0,0,1,0,0,,
,264,,,,,,1,1,,,,,,,,,,,,,,,
,265,,,,,1,1,1,,,,,,,,0,,,,,,0,1
,266,,1,,,,,,,,1,0,0,0,1,,0,1,1,0,1,,
LDRSH Imm + POS,267,,,,1,,,,0,0,0,1,,,1,,1,0,0,0,0,,
,268,,1,,,,1,1,0,0,,,1,0,1,,0,0,1,0,0,,
,269,,,,,1,1,1,,,,,,,,0,,,,,,0,1
,270,,1,,,,,,,,1,0,0,0,1,,0,1,1,0,1,,
LDRSH R + POS,271,,,,1,,,,0,0,0,1,,,1,,1,0,0,0,0,,
,272,,1,,,,1,1,0,0,,,1,0,1,,0,0,1,0,0,,
,273,,,,,1,1,1,,,,,,,,0,,,,,,0,1
,274,,1,,,,,,,,1,0,0,0,1,,0,1,1,0,1,,
STRD Imm + OFF,275,,,,1,,,,0,0,0,1,,,1,,0,0,1,0,0,,
,276,,,,,1,,,0,1,,,,,1,1,1,0,0,0,0,1,1
,277,,,,,,0,1,,,,,,,,,,,,,,,
,278,,,,,,0,1,,,,,,,,,,,,,,,
STRD R + OFF,279,,,,1,,,,0,0,0,0,,,1,,0,0,1,0,0,,
,280,,,,,1,,,0,1,,,,,1,1,1,0,0,0,0,1,1
,281,,,,,,0,1,,,,,,,,,,,,,,,
,282,,,,,,0,1,,,,,,,,,,,,,,,
STRD Imm + PRE,283,,1,,1,,,,0,0,0,1,1,0,1,,0,0,1,0,0,,
,284,,,,,1,,,0,1,,,,,1,1,1,0,0,0,0,1,1
,285,,,,,,0,1,,,,,,,,,,,,,,,
,286,,,,,,0,1,,,,,,,,,,,,,,,
STRD R + PRE,287,,1,,1,,,,0,0,0,0,1,0,1,,0,0,1,0,0,,
,288,,,,,1,,,0,1,,,,,1,1,1,0,0,0,0,1,1
,289,,,,,,0,1,,,,,,,,,,,,,,,
,290,,,,,,0,1,,,,,,,,,,,,,,,
STRD Imm + POS,291,,,,1,,,,0,0,0,1,,,1,,1,0,0,0,0,,
,292,,,,,1,,,0,1,,,,,1,1,1,0,0,0,0,1,1
,293,,1,,,,0,1,,,,,1,0,1,,0,0,1,0,0,,
,294,,,,,,0,1,,,,,,,,,,,,,,,
STRD R + POS,295,,,,1,,,,0,0,0,0,,,1,,0,0,1,0,0,,
,296,,,,,1,,,0,1,,,,,1,1,1,0,0,0,0,1,1
,297,,1,,,,0,1,,,,,1,0,1,,0,0,1,0,0,,
,298,,,,,,0,1,,,,,,,,,,,,,,,
LDRD Imm - OFF,299,,,,1,,,,0,0,0,1,,,1,,0,0,0,1,0,,
,300,,,,,,1,1,,,,,,,,,,,,,,,
,301,,,,,1,1,1,,,,,,,,0,,,,,,1,1
,302,,1,,,,,,,,1,0,0,0,1,,0,1,1,0,1,,
LDRD R - OFF,303,,,,1,,,,0,0,0,0,,,1,,0,0,0,1,0,,
,304,,,,,,1,1,,,,,,,,,,,,,,,
,305,,,,,1,1,1,,,,,,,,0,,,,,,1,1
,306,,1,,,,,,,,1,0,0,0,1,,0,1,1,0,1,,
LDRD Imm - PRE,307,,1,,1,,,,0,0,0,1,1,0,1,,0,0,0,1,0,,
,308,,,,,,1,1,,,,,,,,,,,,,,,
,309,,,,,1,1,1,,,,,,,,0,,,,,,1,1
,310,,1,,,,,,,,1,0,0,0,1,,0,1,1,0,1,,
LDRD R - PRE,311,,1,,1,,,,0,0,0,0,1,0,1,,0,0,0,1,0,,
,312,,,,,,1,1,,,,,,,,,,,,,,,
,313,,,,,1,1,1,,,,,,,,0,,,,,,1,1
,314,,1,,,,,,,,1,0,0,0,1,,0,1,1,0,1,,
LDRD Imm - POS,315,,,,1,,,,0,0,0,1,,,1,,1,0,0,0,0,,
,316,,1,,,,1,1,0,0,,,1,0,1,,0,0,0,1,0,,
,317,,,,,1,1,1,,,,,,,,0,,,,,,1,1
,318,,1,,,,,,,,1,0,0,0,1,,0,1,1,0,1,,
LDRD R - POS,319,,,,1,,,,0,0,0,0,,,1,,1,0,0,0,0,,
,320,,1,,,,1,1,0,0,,,1,0,1,,0,0,0,1,0,,
,321,,,,,1,1,1,,,,,,,,0,,,,,,1,1
,322,,1,,,,,,,,1,0,0,0,1,,0,1,1,0,1,,
LDRSB Imm - OFF,323,,,,1,,,,0,0,0,1,,,1,,0,0,0,1,0,,
,324,,,,,,1,1,,,,,,,,,,,,,,,
,325,,,,,1,1,1,,,,,,,,0,,,,,,0,0
,326,,1,,,,,,,,1,0,0,0,1,,0,1,1,0,1,,
LDRSB R - OFF,327,,,,1,,,,0,0,0,1,,,1,,0,0,0,1,0,,
,328,,,,,,1,1,,,,,,,,,,,,,,,
,329,,,,,1,1,1,,,,,,,,0,,,,,,0,0
,330,,1,,,,,,,,1,0,0,0,1,,0,1,1,0,1,,
LDRSB Imm - PRE,331,,1,,1,,,,0,0,0,1,1,0,1,,0,0,0,1,0,,
,332,,,,,,1,1,,,,,,,,,,,,,,,
,333,,,,,1,1,1,,,,,,,,0,,,,,,0,0
,334,,1,,,,,,,,1,0,0,0,1,,0,1,1,0,1,,
LDRSB R - PRE,335,,1,,1,,,,0,0,0,1,1,0,1,,0,0,0,1,0,,
,336,,,,,,1,1,,,,,,,,,,,,,,,
,337,,,,,1,1,1,,,,,,,,0,,,,,,0,0
,338,,1,,,,,,,,1,0,0,0,1,,0,1,1,0,1,,
LDRSB Imm - POS,339,,,,1,,,,0,0,0,1,,,1,,1,0,0,0,0,,
,340,,1,,,,1,1,0,0,,,1,0,1,,0,0,0,1,0,,
,341,,,,,1,1,1,,,,,,,,0,,,,,,0,0
,342,,1,,,,,,,,1,0,0,0,1,,0,1,1,0,1,,
LDRSB R - POS,343,,,,1,,,,0,0,0,1,,,1,,1,0,0,0,0,,
,344,,1,,,,1,1,0,0,,,1,0,1,,0,0,0,1,0,,
,345,,,,,1,1,1,,,,,,,,0,,,,,,0,0
,346,,1,,,,,,,,1,0,0,0,1,,0,1,1,0,1,,
LDRSH Imm - OFF,347,,,,1,,,,0,0,0,1,,,1,,0,0,0,1,0,,
,348,,,,,,1,1,,,,,,,,,,,,,,,
,349,,,,,1,1,1,,,,,,,,0,,,,,,0,1
,350,,1,,,,,,,,1,0,0,0,1,,0,1,1,0,1,,
LDRSH R - OFF,351,,,,1,,,,0,0,0,1,,,1,,0,0,0,1,0,,
,352,,,,,,1,1,,,,,,,,,,,,,,,
,353,,,,,1,1,1,,,,,,,,0,,,,,,0,1
,354,,1,,,,,,,,1,0,0,0,1,,0,1,1,0,1,,
LDRSH Imm - PRE,355,,1,,1,,,,0,0,0,1,1,0,1,,0,0,0,1,0,,
,356,,,,,,1,1,,,,,,,,,,,,,,,
,357,,,,,1,1,1,,,,,,,,0,,,,,,0,1
,358,,1,,,,,,,,1,0,0,0,1,,0,1,1,0,1,,
LDRSH R - PRE,359,,1,,1,,,,0,0,0,1,1,0,1,,0,0,0,1,0,,
,360,,,,,,1,1,,,,,,,,,,,,,,,
,361,,,,,1,1,1,,,,,,,,0,,,,,,0,1
,362,,1,,,,,,,,1,0,0,0,1,,0,1,1,0,1,,
LDRSH Imm - POS,363,,,,1,,,,0,0,0,1,,,1,,1,0,0,0,0,,
,364,,1,,,,1,1,0,0,,,1,0,1,,0,0,0,1,0,,
,365,,,,,1,1,1,,,,,,,,0,,,,,,0,1
,366,,1,,,,,,,,1,0,0,0,1,,0,1,1,0,1,,
LDRSH R - POS,367,,,,1,,,,0,0,0,1,,,1,,1,0,0,0,0,,
,368,,1,,,,1,1,0,0,,,1,0,1,,0,0,0,1,0,,
,369,,,,,1,1,1,,,,,,,,0,,,,,,0,1
,370,,1,,,,,,,,1,0,0,0,1,,0,1,1,0,1,,
STRD Imm - OFF,371,,,,1,,,,0,0,0,1,,,1,,0,0,0,1,0,,
,372,,,,,1,,,0,1,,,,,1,1,1,0,0,0,0,1,1
,373,,,,,,0,1,,,,,,,,,,,,,,,
,374,,,,,,0,1,,,,,,,,,,,,,,,
STRD R - OFF,375,,,,1,,,,0,0,0,0,,,1,,0,0,0,1,0,,
,376,,,,,1,,,0,1,,,,,1,1,1,0,0,0,0,1,1
,377,,,,,,0,1,,,,,,,,,,,,,,,
,378,,,,,,0,1,,,,,,,,,,,,,,,
STRD Imm - PRE,379,,1,,1,,,,0,0,0,1,1,0,1,,0,0,0,1,0,,
,380,,,,,1,,,0,1,,,,,1,1,1,0,0,0,0,1,1
,381,,,,,,0,1,,,,,,,,,,,,,,,
,382,,,,,,0,1,,,,,,,,,,,,,,,
STRD R - PRE,383,,1,,1,,,,0,0,0,0,1,0,1,,0,0,0,1,0,,
,384,,,,,1,,,0,1,,,,,1,1,1,0,0,0,0,1,1
,385,,,,,,0,1,,,,,,,,,,,,,,,
,386,,,,,,0,1,,,,,,,,,,,,,,,
STRD Imm - POS,387,,,,1,,,,0,0,0,1,,,1,,1,0,0,0,0,,
,388,,,,,1,,,0,1,,,,,1,1,1,0,0,0,0,1,1
,389,,1,,,,0,1,,,,,1,0,1,,0,0,0,1,0,,
,390,,,,,,0,1,,,,,,,,,,,,,,,
STRD R - POS,391,,,,1,,,,0,0,0,0,,,1,,1,0,0,0,0,,
,392,,,,,1,,,0,1,,,,,1,1,1,0,0,0,0,1,1
,393,,1,,,,0,1,,,,,1,0,1,,0,0,0,1,0,,
,394,,,,,,0,1,,,,,,,,,,,,,,,
,Instrucciones Branch y Exception,,,,,,,,,,,,,,,,,,,,,,
LDMIA / LDMFD,395,,,,1,,,,0,0,0,1,,,1,,1,0,0,0,0,,
,396,,1,,,,1,1,0,0,,,1,0,1,,1,0,0,0,1,,
,397,,,,,1,1,1,,,,,,,,0,,,,,,1,0
,398,,1,,,,,,,,1,0,0,0,1,,0,1,1,0,1,,
LDMIB / LDMED,398,,1,,1,,,,0,0,0,1,1,0,1,,1,0,0,0,1,,
,399,,,,,,1,1,,,,,,,,,,,,,,,
,400,,,,,1,1,1,,,,,,,,0,,,,,,1,0
,401,,1,,,,,,,,1,0,0,0,1,,0,1,1,0,1,,
LDMIDA / LDMFA,401,,,,1,,,,0,0,0,1,,,1,,1,0,0,0,0,,
,402,,1,,,,1,1,0,0,,,1,0,1,,1,0,0,1,1,,
,403,,,,,1,1,1,,,,,,,,0,,,,,,1,0
,404,,1,,,,,,,,1,0,0,0,1,,0,1,1,0,1,,
LDMDB / LDMEA,405,,1,,1,,,,0,0,0,1,1,0,1,,1,0,0,1,1,,
,406,,,,,,1,1,,,,,,,,,,,,,,,
,407,,,,,1,1,1,,,,,,,,0,,,,,,1,0
,408,,1,,,,,,,,1,0,0,0,1,,0,1,1,0,1,,
STMIA / STMEA,409,,,,1,,,,0,0,0,0,,,1,,1,0,0,0,0,,
,410,,,,,1,,,0,1,,,,,1,1,1,0,0,0,0,1,0
,411,,1,,,,0,1,,,,,1,0,,,1,0,0,0,1,,
,412,,,,,,0,1,,,,,,,,,,,,,,,
STMIB / STMFA,413,,1,,1,,,,0,0,0,0,1,0,1,,1,0,0,0,1,,
,414,,,,,1,,,0,1,,,,,1,1,1,0,0,0,0,1,0
,415,,,,,,0,1,,,,,,,,,,,,,,,
,416,,,,,,0,1,,,,,,,,,,,,,,,
STMDA / STMED,417,,,,1,,,,0,0,0,0,,,1,,1,0,0,0,0,,
,418,,,,,1,,,0,1,,,,,1,1,1,0,0,0,0,1,0
,419,,1,,,,0,1,,,,,1,0,,,1,0,0,1,1,,
,420,,,,,,0,1,,,,,,,,,,,,,,,
STMDB / STMFD,421,,1,,1,,,,0,0,0,0,1,0,1,,1,0,0,1,1,,
,422,,,,,1,,,0,1,,,,,1,1,1,0,0,0,0,1,0
,423,,,,,,0,1,,,,,,,,,,,,,,,
,424,,,,,,0,1,,,,,,,,,,,,,,,
LDMIA / LDMFD W,424,,,,1,,,,0,0,0,1,,,1,,1,0,0,0,0,,
,425,,1,,,,1,1,0,0,,,1,0,1,,1,0,0,0,1,,
,426,,,,,1,1,1,,,,,,,,0,,,,,,1,0
,427,,1,,,,,,,,1,0,0,0,1,,0,1,1,0,1,,
LDMIB / LDMED W,427,,1,,1,,,,0,0,0,1,1,0,1,,1,0,0,0,1,,
,428,,,,,,1,1,,,,,,,,,,,,,,,
,429,,,,,1,1,1,,,,,,,,0,,,,,,1,0
,430,,1,,,,,,,,1,0,0,0,1,,0,1,1,0,1,,
LDMIDA / LDMFA W,430,,,,1,,,,0,0,0,1,,,1,,1,0,0,0,0,,
,431,,1,,,,1,1,0,0,,,1,0,1,,1,0,0,1,1,,
,432,,,,,1,1,1,,,,,,,,0,,,,,,1,0
,433,,1,,,,,,,,1,0,0,0,1,,0,1,1,0,1,,
LDMDB / LDMEA W,434,,1,,1,,,,0,0,0,1,1,0,1,,1,0,0,1,1,,
,435,,,,,,1,1,,,,,,,,,,,,,,,
,436,,,,,1,1,1,,,,,,,,0,,,,,,1,0
,437,,1,,,,,,,,1,0,0,0,1,,0,1,1,0,1,,
STMIA / STMEA W,438,,,,1,,,,0,0,0,0,,,1,,1,0,0,0,0,,
,439,,,,,1,,,0,1,,,,,1,1,1,0,0,0,0,1,0
,440,,1,,,,0,1,,,,,1,0,,,1,0,0,0,1,,
,441,,,,,,0,1,,,,,,,,,,,,,,,
STMIB / STMFA W,442,,1,,1,,,,0,0,0,0,1,0,1,,1,0,0,0,1,,
,443,,,,,1,,,0,1,,,,,1,1,1,0,0,0,0,1,0
,444,,,,,,0,1,,,,,,,,,,,,,,,
,445,,,,,,0,1,,,,,,,,,,,,,,,
STMDA / STMED W,446,,,,1,,,,0,0,0,0,,,1,,1,0,0,0,0,,
,447,,,,,1,,,0,1,,,,,1,1,1,0,0,0,0,1,0
,448,,1,,,,0,1,,,,,1,0,,,1,0,0,1,1,,
,449,,,,,,0,1,,,,,,,,,,,,,,,
STMDB / STMFD W,450,,1,,1,,,,0,0,0,0,1,0,1,,1,0,0,1,1,,
,451,,,,,1,,,0,1,,,,,1,1,1,0,0,0,0,1,0
,452,,,,,,0,1,,,,,,,,,,,,,,,
,453,,,,,,0,1,,,,,,,,,,,,,,,
,,Instrucciones Branch y Exception,,,,,,,,,,,,,,,,,,,,,
B,454,,1,,,,,,1,0,0,0,1,1,1,,1,0,0,1,0,,
BL,455,,1,,,,,,1,0,0,1,1,1,1,,1,0,0,1,0,,
